,사고번호,사고일시,요일,시군구,사고내용,사망자수,중상자수,경상자수,부상신고자수,사고유형,법규위반,노면상태,기상상태,도로형태,가해운전자 차종,가해운전자 성별,가해운전자 연령,가해운전자 상해정도,피해운전자 차종,피해운전자 성별,피해운전자 연령,피해운전자 상해정도
725,2021090700100230,2021년 9월 7일 12시,화요일,전라북도 김제시 봉남면,사망사고,1,0,0,0,차대사람 - 기타,안전운전불이행,포장 - 건조,맑음,단일로 - 기타,화물,남,64세,상해없음,보행자,남,80세,사망
726,2021090700100259,2021년 9월 7일 13시,화요일,전라북도 익산시 남중동,경상사고,0,0,1,0,차대사람 - 횡단중,안전운전불이행,포장 - 건조,맑음,교차로 - 교차로부근,승용,남,48세,상해없음,보행자,남,8세,경상
727,2021090700100358,2021년 9월 7일 16시,화요일,전라북도 군산시 서흥남동,경상사고,0,0,1,0,차대사람 - 기타,안전운전불이행,포장 - 건조,맑음,기타 - 기타,화물,남,57세,상해없음,보행자,남,47세,경상
728,2021090700100359,2021년 9월 7일 16시,화요일,전라북도 정읍시 연지동,경상사고,0,0,1,0,차대사람 - 횡단중,안전운전불이행,포장 - 건조,맑음,단일로 - 기타,이륜,남,47세,상해없음,보행자,남,10세,경상
729,2021090700100386,2021년 9월 7일 17시,화요일,전라북도 정읍시 상동,중상사고,0,1,0,0,차대사람 - 보도통행중,안전운전불이행,포장 - 젖음/습기,흐림,교차로 - 교차로안,승용,여,30세,상해없음,보행자,여,81세,중상
730,2021090700100505,2021년 9월 7일 20시,화요일,전라북도 군산시 나운동,중상사고,0,1,0,0,차대사람 - 횡단중,안전운전불이행,포장 - 젖음/습기,흐림,교차로 - 교차로안,화물,여,58세,상해없음,보행자,여,60세,중상
731,2021090700100540,2021년 9월 7일 21시,화요일,전라북도 김제시 요촌동,경상사고,0,0,1,0,차대사람 - 차도통행중,안전운전불이행,포장 - 건조,맑음,교차로 - 교차로안,화물,남,51세,상해없음,보행자,남,39세,경상
732,2021090800100103,2021년 9월 8일 08시,수요일,전라북도 익산시 송학동,중상사고,0,1,0,0,차대사람 - 횡단중,안전운전불이행,포장 - 건조,맑음,교차로 - 교차로부근,승합,남,59세,상해없음,보행자,남,85세,중상
733,2021090900100053,2021년 9월 9일 07시,목요일,전라북도 군산시 소룡동,부상신고사고,0,0,0,1,차대사람 - 기타,안전운전불이행,포장 - 건조,맑음,기타 - 기타,승용,여,48세,기타불명,보행자,여,54세,부상신고
734,2021090900100301,2021년 9월 9일 14시,목요일,전라북도 군산시 지곡동,경상사고,0,0,1,0,차대사람 - 기타,보행자보호의무위반,포장 - 건조,맑음,교차로 - 교차로안,승용,여,49세,상해없음,보행자,여,9세,경상
735,2021090900100572,2021년 9월 9일 22시,목요일,전라북도 군산시 수송동,경상사고,0,0,3,0,차대사람 - 차도통행중,안전운전불이행,포장 - 건조,맑음,교차로 - 교차로부근,승용,남,26세,상해없음,보행자,남,26세,경상
736,2021091000100090,2021년 9월 10일 08시,금요일,전라북도 전주시 완산구 평화동2가,중상사고,0,1,0,0,차대사람 - 횡단중,보행자보호의무위반,포장 - 건조,맑음,교차로 - 교차로횡단보도내,승용,남,47세,상해없음,보행자,남,7세,중상
737,2021091000100231,2021년 9월 10일 12시,금요일,전라북도 전주시 완산구 중노송동,경상사고,0,0,1,0,차대사람 - 횡단중,중앙선침범,포장 - 건조,맑음,단일로 - 기타,화물,여,60세,상해없음,보행자,여,56세,경상
738,2021091000100479,2021년 9월 10일 18시,금요일,전라북도 전주시 덕진구 송천동1가,중상사고,0,1,0,0,차대사람 - 기타,안전운전불이행,포장 - 건조,맑음,단일로 - 기타,승용,여,43세,상해없음,보행자,남,79세,중상
739,2021091000100636,2021년 9월 10일 22시,금요일,전라북도 익산시 동산동,경상사고,0,0,1,0,차대사람 - 차도통행중,안전운전불이행,포장 - 건조,맑음,단일로 - 기타,승용,여,62세,상해없음,보행자,남,57세,경상
740,2021091100100062,2021년 9월 11일 07시,토요일,전라북도 김제시 요촌동,중상사고,0,1,0,0,차대사람 - 횡단중,보행자보호의무위반,포장 - 건조,맑음,교차로 - 교차로부근,승용,남,40세,상해없음,보행자,여,74세,중상
741,2021091100100138,2021년 9월 11일 10시,토요일,전라북도 남원시 월락동,경상사고,0,0,1,0,차대사람 - 기타,안전운전불이행,포장 - 기타,맑음,교차로 - 교차로안,승용,여,48세,상해없음,보행자,남,57세,경상
742,2021091100100298,2021년 9월 11일 13시,토요일,전라북도 익산시 중앙동3가,중상사고,0,1,0,0,차대사람 - 기타,안전운전불이행,포장 - 건조,맑음,교차로 - 교차로횡단보도내,승용,남,86세,상해없음,보행자,남,53세,중상
743,2021091100100697,2021년 9월 11일 23시,토요일,전라북도 전주시 완산구 효자동3가,경상사고,0,0,1,0,차대사람 - 횡단중,안전운전불이행,포장 - 건조,맑음,교차로 - 교차로부근,승용,남,58세,상해없음,보행자,여,25세,경상
744,2021091200100076,2021년 9월 12일 10시,일요일,전라북도 전주시 완산구 삼천동1가,중상사고,0,1,0,0,차대사람 - 차도통행중,신호위반,포장 - 건조,맑음,교차로 - 교차로안,승용,남,77세,상해없음,보행자,여,79세,중상
745,2021091200100077,2021년 9월 12일 10시,일요일,전라북도 익산시 영등동,중상사고,0,1,0,0,차대사람 - 길가장자리구역통행중,안전운전불이행,포장 - 건조,맑음,단일로 - 기타,승용,여,59세,상해없음,보행자,남,14세,중상
746,2021091200100231,2021년 9월 12일 15시,일요일,전라북도 김제시 흥사동,경상사고,0,0,1,0,차대사람 - 길가장자리구역통행중,안전운전불이행,포장 - 건조,맑음,단일로 - 기타,승용,남,66세,상해없음,보행자,남,63세,경상
747,2021091300100343,2021년 9월 13일 14시,월요일,전라북도 김제시 요촌동,경상사고,0,0,1,0,차대사람 - 기타,안전운전불이행,포장 - 건조,맑음,단일로 - 기타,개인형이동수단(PM),여,69세,상해없음,보행자,여,79세,경상
748,2021091300100509,2021년 9월 13일 18시,월요일,전라북도 전주시 완산구 서신동,경상사고,0,0,1,0,차대사람 - 횡단중,보행자보호의무위반,포장 - 건조,맑음,교차로 - 교차로횡단보도내,승용,남,34세,상해없음,보행자,여,74세,경상
749,2021091400100154,2021년 9월 14일 09시,화요일,전라북도 임실군 오수면,사망사고,1,0,0,0,차대사람 - 기타,중앙선침범,포장 - 건조,맑음,단일로 - 기타,승용,여,55세,상해없음,보행자,남,81세,사망
750,2021091400100235,2021년 9월 14일 11시,화요일,전라북도 임실군 관촌면,경상사고,0,0,1,0,차대사람 - 차도통행중,안전운전불이행,포장 - 건조,맑음,단일로 - 기타,화물,남,48세,상해없음,보행자,여,79세,경상
751,2021091400100283,2021년 9월 14일 12시,화요일,전라북도 군산시 대명동,경상사고,0,0,1,0,차대사람 - 기타,안전운전불이행,포장 - 건조,맑음,교차로 - 교차로부근,이륜,남,40세,상해없음,보행자,여,73세,경상
752,2021091400100608,2021년 9월 14일 19시,화요일,전라북도 남원시 노암동,중상사고,0,1,0,0,차대사람 - 차도통행중,안전운전불이행,포장 - 기타,맑음,교차로 - 교차로안,승용,여,48세,상해없음,보행자,여,39세,중상
753,2021091500100161,2021년 9월 15일 09시,수요일,전라북도 전주시 완산구 평화동1가,경상사고,0,0,1,0,차대사람 - 길가장자리구역통행중,안전운전불이행,포장 - 건조,맑음,교차로 - 교차로안,승용,여,37세,상해없음,보행자,남,70세,경상
754,2021091500100463,2021년 9월 15일 16시,수요일,전라북도 익산시 평화동,경상사고,0,0,1,0,차대사람 - 기타,안전운전불이행,포장 - 건조,맑음,단일로 - 기타,승용,남,45세,상해없음,보행자,여,17세,경상
755,2021091600100143,2021년 9월 16일 09시,목요일,전라북도 남원시 산동면,중상사고,0,1,0,0,차대사람 - 기타,안전운전불이행,포장 - 건조,맑음,단일로 - 기타,화물,남,54세,상해없음,보행자,남,73세,중상
756,2021091600100249,2021년 9월 16일 12시,목요일,전라북도 익산시 부송동,경상사고,0,0,1,0,차대사람 - 길가장자리구역통행중,안전운전불이행,포장 - 건조,맑음,단일로 - 기타,승용,여,46세,기타불명,보행자,여,56세,경상
757,2021091600100387,2021년 9월 16일 15시,목요일,전라북도 전주시 완산구 효자동3가,경상사고,0,0,1,0,차대사람 - 보도통행중,안전운전불이행,포장 - 건조,맑음,교차로 - 교차로부근,승용,남,55세,기타불명,보행자,여,22세,경상
758,2021091600100428,2021년 9월 16일 16시,목요일,전라북도 전주시 완산구 효자동3가,중상사고,0,1,0,0,차대사람 - 횡단중,보행자보호의무위반,포장 - 건조,맑음,교차로 - 교차로횡단보도내,승용,남,74세,상해없음,보행자,여,57세,중상
759,2021091600100647,2021년 9월 16일 21시,목요일,전라북도 전주시 완산구 중노송동,중상사고,0,1,0,0,차대사람 - 횡단중,안전운전불이행,포장 - 젖음/습기,비,단일로 - 기타,승용,남,50세,상해없음,보행자,여,82세,중상
760,2021091600100649,2021년 9월 16일 21시,목요일,전라북도 전주시 덕진구 인후동1가,경상사고,0,0,3,0,차대사람 - 횡단중,신호위반,포장 - 젖음/습기,비,단일로 - 기타,이륜,남,40세,상해없음,보행자,여,17세,경상
761,2021091700100184,2021년 9월 17일 10시,금요일,전라북도 익산시 함열읍,중상사고,0,1,0,0,차대사람 - 기타,안전운전불이행,포장 - 건조,맑음,교차로 - 교차로안,이륜,남,78세,상해없음,보행자,여,93세,중상
762,2021091700100226,2021년 9월 17일 11시,금요일,전라북도 익산시 영등동,중상사고,0,1,0,0,차대사람 - 횡단중,신호위반,포장 - 건조,맑음,교차로 - 교차로안,승용,남,18세,상해없음,보행자,남,78세,중상
763,2021091700100438,2021년 9월 17일 15시,금요일,전라북도 군산시 문화동,중상사고,0,1,1,0,차대사람 - 차도통행중,안전운전불이행,포장 - 건조,맑음,단일로 - 지하차도(도로)내,승용,남,70세,상해없음,보행자,남,49세,경상
764,2021091700100439,2021년 9월 17일 15시,금요일,전라북도 부안군 부안읍,경상사고,0,0,1,0,차대사람 - 횡단중,신호위반,포장 - 건조,맑음,교차로 - 교차로횡단보도내,승용,남,65세,상해없음,보행자,여,9세,경상
765,2021091700100556,2021년 9월 17일 17시,금요일,전라북도 전주시 완산구 서노송동,중상사고,0,1,0,0,차대사람 - 보도통행중,기타,포장 - 건조,맑음,기타 - 기타,자전거,남,75세,상해없음,보행자,여,79세,중상
766,2021091700100671,2021년 9월 17일 19시,금요일,전라북도 군산시 소룡동,중상사고,0,1,0,0,차대사람 - 횡단중,보행자보호의무위반,포장 - 건조,맑음,교차로 - 교차로횡단보도내,승용,여,26세,상해없음,보행자,남,64세,중상
767,2021091800100150,2021년 9월 18일 10시,토요일,전라북도 전주시 완산구 효자동1가,중상사고,0,1,0,0,차대사람 - 횡단중,안전운전불이행,포장 - 건조,맑음,교차로 - 교차로횡단보도내,승용,남,64세,상해없음,보행자,여,52세,중상
768,2021091800100601,2021년 9월 18일 20시,토요일,전라북도 전주시 완산구 삼천동1가,경상사고,0,0,1,0,차대사람 - 기타,기타,포장 - 건조,맑음,단일로 - 기타,승용,남,66세,상해없음,보행자,여,57세,경상
769,2021091800100692,2021년 9월 18일 23시,토요일,전라북도 전주시 완산구 경원동3가,중상사고,0,1,0,0,차대사람 - 횡단중,안전운전불이행,포장 - 건조,맑음,기타 - 기타,승용,남,66세,상해없음,보행자,남,30세,중상
770,2021091900100121,2021년 9월 19일 11시,일요일,전라북도 전주시 완산구 중노송동,경상사고,0,0,2,0,차대사람 - 횡단중,보행자보호의무위반,포장 - 건조,맑음,교차로 - 교차로안,승용,남,71세,상해없음,보행자,남,31세,경상
771,2021091900100243,2021년 9월 19일 15시,일요일,전라북도 전주시 완산구 서신동,경상사고,0,0,1,0,차대사람 - 횡단중,안전운전불이행,포장 - 건조,맑음,단일로 - 기타,승용,여,41세,상해없음,보행자,남,14세,경상
772,2021091900100316,2021년 9월 19일 17시,일요일,전라북도 무주군 안성면,중상사고,0,1,0,0,차대사람 - 횡단중,안전운전불이행,포장 - 건조,맑음,교차로 - 교차로부근,승합,남,67세,상해없음,보행자,남,85세,중상
773,2021091900100383,2021년 9월 19일 19시,일요일,전라북도 전주시 완산구 상림동,중상사고,0,1,0,0,차대사람 - 기타,안전운전불이행,포장 - 건조,맑음,단일로 - 기타,승용,여,36세,상해없음,보행자,남,54세,중상
774,2021092100100305,2021년 9월 21일 20시,화요일,전라북도 익산시 영등동,중상사고,0,1,0,0,차대사람 - 횡단중,보행자보호의무위반,포장 - 건조,맑음,단일로 - 기타,이륜,남,22세,상해없음,보행자,남,45세,중상
775,2021092100100327,2021년 9월 21일 21시,화요일,전라북도 군산시 소룡동,경상사고,0,0,1,0,차대사람 - 길가장자리구역통행중,안전운전불이행,포장 - 건조,맑음,단일로 - 기타,승용,남,43세,상해없음,보행자,남,37세,경상
776,2021092200100048,2021년 9월 22일 07시,수요일,전라북도 장수군 장계면,중상사고,0,1,0,0,차대사람 - 길가장자리구역통행중,중앙선침범,포장 - 건조,맑음,단일로 - 기타,농기계,남,70세,상해없음,보행자,여,69세,중상
777,2021092200100273,2021년 9월 22일 17시,수요일,전라북도 완주군 봉동읍,경상사고,0,0,1,0,차대사람 - 횡단중,보행자보호의무위반,포장 - 건조,맑음,교차로 - 교차로안,승용,여,52세,상해없음,보행자,여,78세,경상
778,2021092200100402,2021년 9월 22일 22시,수요일,전라북도 전주시 완산구 효자동3가,경상사고,0,0,1,0,차대사람 - 횡단중,신호위반,포장 - 건조,맑음,교차로 - 교차로횡단보도내,승용,남,42세,상해없음,보행자,남,37세,경상
779,2021092300100255,2021년 9월 23일 13시,목요일,전라북도 익산시 영등동,경상사고,0,0,1,0,차대사람 - 기타,안전운전불이행,포장 - 건조,맑음,단일로 - 기타,화물,남,54세,상해없음,보행자,남,32세,경상
780,2021092300100461,2021년 9월 23일 18시,목요일,전라북도 정읍시 상동,경상사고,0,0,1,0,차대사람 - 횡단중,보행자보호의무위반,포장 - 건조,맑음,교차로 - 교차로횡단보도내,승용,여,51세,상해없음,보행자,여,13세,경상
781,2021092300100545,2021년 9월 23일 20시,목요일,전라북도 고창군 고창읍,경상사고,0,0,1,0,차대사람 - 기타,기타,포장 - 건조,맑음,단일로 - 기타,자전거,남,35세,상해없음,보행자,여,69세,경상
782,2021092400100485,2021년 9월 24일 19시,금요일,전라북도 전주시 완산구 서노송동,중상사고,0,1,0,0,차대사람 - 길가장자리구역통행중,안전운전불이행,포장 - 건조,맑음,단일로 - 기타,승합,남,54세,상해없음,보행자,여,79세,중상
783,2021092400100561,2021년 9월 24일 22시,금요일,전라북도 전주시 완산구 다가동3가,경상사고,0,0,1,0,차대사람 - 횡단중,안전운전불이행,포장 - 건조,맑음,교차로 - 교차로횡단보도내,이륜,남,22세,상해없음,보행자,남,52세,경상
784,2021092500100154,2021년 9월 25일 12시,토요일,전라북도 장수군 천천면,중상사고,0,1,0,0,차대사람 - 길가장자리구역통행중,안전운전불이행,포장 - 건조,맑음,단일로 - 기타,승용,여,68세,상해없음,보행자,여,80세,중상
785,2021092500100349,2021년 9월 25일 18시,토요일,전라북도 익산시 함열읍,사망사고,1,0,0,0,차대사람 - 횡단중,신호위반,포장 - 건조,맑음,교차로 - 교차로안,승용,남,60세,상해없음,보행자,여,73세,사망
786,2021092600100215,2021년 9월 26일 15시,일요일,전라북도 익산시 용안면,사망사고,1,0,0,0,차대사람 - 기타,안전운전불이행,포장 - 건조,맑음,교차로 - 교차로안,승용,남,77세,상해없음,보행자,남,39세,사망
787,2021092600100307,2021년 9월 26일 18시,일요일,전라북도 김제시 공덕면,중상사고,0,1,0,0,차대사람 - 차도통행중,안전운전불이행,포장 - 건조,맑음,단일로 - 기타,승용,남,35세,상해없음,보행자,남,80세,중상
788,2021092600100360,2021년 9월 26일 20시,일요일,전라북도 익산시 모현동1가,경상사고,0,0,1,0,차대사람 - 기타,안전운전불이행,포장 - 건조,맑음,단일로 - 기타,승용,남,52세,상해없음,보행자,남,31세,경상
789,2021092700100036,2021년 9월 27일 06시,월요일,전라북도 전주시 덕진구 반월동,중상사고,0,1,0,0,차대사람 - 횡단중,보행자보호의무위반,포장 - 건조,맑음,교차로 - 교차로안,승용,여,56세,상해없음,보행자,여,63세,중상
790,2021092700100146,2021년 9월 27일 10시,월요일,전라북도 정읍시 상동,경상사고,0,0,1,0,차대사람 - 기타,안전운전불이행,포장 - 건조,맑음,교차로 - 교차로안,승용,남,69세,상해없음,보행자,여,69세,경상
791,2021092700100345,2021년 9월 27일 16시,월요일,전라북도 전주시 덕진구 덕진동2가,부상신고사고,0,0,0,1,차대사람 - 기타,안전운전불이행,포장 - 건조,맑음,단일로 - 기타,자전거,남,12세,상해없음,보행자,여,62세,부상신고
792,2021092700100346,2021년 9월 27일 16시,월요일,전라북도 전주시 덕진구 송천동1가,경상사고,0,0,1,0,차대사람 - 보도통행중,기타,포장 - 건조,맑음,기타 - 기타,승용,남,74세,상해없음,보행자,여,72세,경상
793,2021092800100049,2021년 9월 28일 07시,화요일,전라북도 익산시 인화동1가,경상사고,0,0,1,0,차대사람 - 횡단중,안전운전불이행,포장 - 건조,맑음,단일로 - 기타,화물,남,73세,상해없음,보행자,여,67세,경상
794,2021092800100083,2021년 9월 28일 08시,화요일,전라북도 임실군 임실읍,중상사고,0,1,0,0,차대사람 - 횡단중,중앙선침범,포장 - 건조,맑음,단일로 - 기타,승용,여,43세,상해없음,보행자,남,13세,중상
795,2021092800100330,2021년 9월 28일 16시,화요일,전라북도 김제시 요촌동,경상사고,0,0,1,0,차대사람 - 기타,안전운전불이행,포장 - 건조,맑음,단일로 - 기타,승용,여,68세,상해없음,보행자,여,71세,경상
796,2021092800100480,2021년 9월 28일 19시,화요일,전라북도 부안군 부안읍,중상사고,0,1,0,1,차대사람 - 기타,안전운전불이행,포장 - 젖음/습기,비,단일로 - 기타,이륜,남,19세,부상신고,보행자,남,84세,중상
797,2021092800100520,2021년 9월 28일 20시,화요일,전라북도 남원시 도통동,경상사고,0,0,1,0,차대사람 - 보도통행중,보행자보호의무위반,포장 - 젖음/습기,비,교차로 - 교차로횡단보도내,이륜,남,46세,상해없음,보행자,여,69세,경상
798,2021092900100186,2021년 9월 29일 11시,수요일,전라북도 군산시 나운동,경상사고,0,0,1,0,차대사람 - 기타,안전운전불이행,포장 - 젖음/습기,비,단일로 - 기타,승용,여,53세,기타불명,보행자,여,69세,경상
799,2021092900100354,2021년 9월 29일 16시,수요일,전라북도 전주시 완산구 삼천동1가,경상사고,0,0,1,0,차대사람 - 횡단중,보행자보호의무위반,포장 - 젖음/습기,비,교차로 - 교차로횡단보도내,화물,남,70세,상해없음,보행자,여,7세,경상
800,2021092900100397,2021년 9월 29일 17시,수요일,전라북도 김제시 요촌동,중상사고,0,1,0,0,차대사람 - 기타,안전운전불이행,포장 - 건조,맑음,교차로 - 교차로안,승용,남,63세,기타불명,보행자,남,55세,중상
801,2021092900100445,2021년 9월 29일 18시,수요일,전라북도 익산시 어양동,중상사고,0,1,0,0,차대사람 - 보도통행중,신호위반,포장 - 젖음/습기,비,단일로 - 기타,승용,여,50세,상해없음,보행자,남,78세,중상
802,2021092900100446,2021년 9월 29일 18시,수요일,전라북도 익산시 남중동,경상사고,0,0,1,0,차대사람 - 길가장자리구역통행중,기타,포장 - 젖음/습기,비,단일로 - 기타,승용,남,56세,상해없음,보행자,남,52세,경상
803,2021092900100539,2021년 9월 29일 20시,수요일,전라북도 전주시 덕진구 송천동1가,경상사고,0,0,1,0,차대사람 - 보도통행중,안전운전불이행,포장 - 젖음/습기,비,교차로 - 교차로안,이륜,남,24세,상해없음,보행자,남,63세,경상
804,2021092900100602,2021년 9월 29일 22시,수요일,전라북도 전주시 완산구 평화동1가,경상사고,0,0,1,0,차대사람 - 기타,안전운전불이행,포장 - 건조,맑음,교차로 - 교차로부근,승용,남,30세,상해없음,보행자,남,54세,경상
805,2021092900100637,2021년 9월 29일 23시,수요일,전라북도 전주시 덕진구 인후동1가,경상사고,0,0,1,0,차대사람 - 보도통행중,신호위반,포장 - 젖음/습기,비,단일로 - 기타,이륜,남,21세,기타불명,보행자,남,47세,경상
806,2021093000100177,2021년 9월 30일 10시,목요일,전라북도 전주시 완산구 서서학동,경상사고,0,0,1,0,차대사람 - 기타,안전운전불이행,포장 - 건조,맑음,기타 - 기타,자전거,남,66세,상해없음,보행자,여,64세,경상
807,2021093000100282,2021년 9월 30일 13시,목요일,전라북도 군산시 장재동,경상사고,0,0,1,0,차대사람 - 횡단중,신호위반,포장 - 건조,맑음,교차로 - 교차로안,화물,남,67세,상해없음,보행자,여,21세,경상
808,2021093000100361,2021년 9월 30일 15시,목요일,전라북도 전주시 완산구 서신동,경상사고,0,0,1,0,차대사람 - 기타,안전운전불이행,포장 - 건조,맑음,단일로 - 기타,승용,남,54세,상해없음,보행자,남,9세,경상
809,2021093000100460,2021년 9월 30일 17시,목요일,전라북도 전주시 완산구 효자동1가,중상사고,0,1,0,0,차대사람 - 횡단중,보행자보호의무위반,포장 - 건조,맑음,단일로 - 기타,승용,남,32세,상해없음,보행자,여,79세,중상
810,2021100100100505,2021년 10월 1일 18시,금요일,전라북도 정읍시 시기동,중상사고,0,1,0,0,차대사람 - 횡단중,보행자보호의무위반,포장 - 건조,맑음,기타 - 기타,승용,여,52세,상해없음,보행자,남,85세,중상
811,2021100200100008,2021년 10월 2일 00시,토요일,전라북도 완주군 봉동읍,경상사고,0,0,1,0,차대사람 - 차도통행중,안전운전불이행,포장 - 건조,맑음,단일로 - 기타,승용,남,25세,상해없음,보행자,남,45세,경상
812,2021100200100296,2021년 10월 2일 14시,토요일,전라북도 전주시 완산구 삼천동1가,중상사고,0,1,0,0,차대사람 - 차도통행중,안전운전불이행,포장 - 건조,맑음,기타 - 기타,승용,여,55세,상해없음,보행자,여,68세,중상
813,2021100200100298,2021년 10월 2일 14시,토요일,전라북도 익산시 모현동1가,경상사고,0,0,1,0,차대사람 - 차도통행중,교차로운행방법위반,포장 - 건조,맑음,교차로 - 교차로안,승용,남,53세,상해없음,보행자,여,80세,경상
814,2021100200100299,2021년 10월 2일 14시,토요일,전라북도 김제시 하동,사망사고,1,0,0,0,차대사람 - 횡단중,보행자보호의무위반,포장 - 건조,맑음,교차로 - 교차로횡단보도내,화물,남,75세,상해없음,보행자,남,61세,사망
815,2021100200100517,2021년 10월 2일 19시,토요일,전라북도 전주시 완산구 남노송동,경상사고,0,0,1,0,차대사람 - 기타,안전운전불이행,포장 - 건조,맑음,단일로 - 기타,승용,남,24세,상해없음,보행자,남,56세,경상
816,2021100300100058,2021년 10월 3일 08시,일요일,전라북도 군산시 산북동,중상사고,0,1,0,0,차대사람 - 차도통행중,안전운전불이행,포장 - 건조,맑음,교차로 - 교차로부근,승용,남,66세,상해없음,보행자,여,88세,중상
817,2021100300100332,2021년 10월 3일 17시,일요일,전라북도 군산시 옥도면,중상사고,0,1,0,0,차대사람 - 길가장자리구역통행중,안전운전불이행,포장 - 건조,맑음,단일로 - 지하차도(도로)내,화물,남,65세,상해없음,보행자,여,86세,중상
818,2021100300100372,2021년 10월 3일 18시,일요일,전라북도 남원시 어현동,중상사고,0,1,0,0,차대사람 - 횡단중,안전운전불이행,포장 - 건조,맑음,단일로 - 기타,승용,남,46세,상해없음,보행자,남,63세,중상
819,2021100300100418,2021년 10월 3일 19시,일요일,전라북도 군산시 소룡동,중상사고,0,1,0,0,차대사람 - 차도통행중,보행자보호의무위반,포장 - 건조,맑음,교차로 - 교차로안,승용,남,68세,상해없음,보행자,남,39세,중상
820,2021100400100047,2021년 10월 4일 07시,월요일,전라북도 군산시 장미동,중상사고,0,1,0,0,차대사람 - 차도통행중,안전운전불이행,포장 - 건조,맑음,단일로 - 지하차도(도로)내,화물,남,50세,상해없음,보행자,남,83세,중상
821,2021100400100119,2021년 10월 4일 11시,월요일,전라북도 전주시 완산구 태평동,중상사고,0,1,0,0,차대사람 - 기타,보행자보호의무위반,포장 - 건조,맑음,교차로 - 교차로횡단보도내,화물,남,39세,상해없음,보행자,여,66세,중상
822,2021100400100120,2021년 10월 4일 11시,월요일,전라북도 전주시 완산구 전동,중상사고,0,1,0,0,차대사람 - 기타,안전운전불이행,포장 - 건조,맑음,교차로 - 교차로부근,승합,남,55세,상해없음,보행자,여,72세,중상
823,2021100400100121,2021년 10월 4일 11시,월요일,전라북도 남원시 죽항동,경상사고,0,0,1,0,차대사람 - 차도통행중,안전운전불이행,포장 - 건조,맑음,단일로 - 기타,승용,여,35세,상해없음,보행자,여,60세,경상
824,2021100400100187,2021년 10월 4일 13시,월요일,전라북도 김제시 금구면,경상사고,0,0,1,0,차대사람 - 기타,안전운전불이행,포장 - 건조,맑음,단일로 - 기타,승용,여,42세,상해없음,보행자,여,25세,경상
825,2021100500100159,2021년 10월 5일 10시,화요일,전라북도 진안군 마령면,경상사고,0,0,1,0,차대사람 - 횡단중,안전운전불이행,포장 - 건조,맑음,단일로 - 기타,승용,남,74세,상해없음,보행자,여,82세,경상
826,2021100500100499,2021년 10월 5일 18시,화요일,전라북도 남원시 산내면,중상사고,0,1,0,0,차대사람 - 기타,안전운전불이행,포장 - 건조,맑음,단일로 - 기타,승용,여,52세,상해없음,보행자,남,53세,중상
827,2021100500100589,2021년 10월 5일 20시,화요일,전라북도 부안군 부안읍,중상사고,0,1,0,0,차대사람 - 차도통행중,안전운전불이행,포장 - 건조,맑음,교차로 - 교차로안,특수,남,39세,상해없음,보행자,여,26세,중상