,사고번호,사고일시,요일,시군구,사고내용,사망자수,중상자수,경상자수,부상신고자수,사고유형,법규위반,노면상태,기상상태,도로형태,가해운전자 차종,가해운전자 성별,가해운전자 연령,가해운전자 상해정도,피해운전자 차종,피해운전자 성별,피해운전자 연령,피해운전자 상해정도
828,2021100600100039,2021년 10월 6일 06시,수요일,전라북도 전주시 덕진구 호성동1가,중상사고,0,1,0,0,차대사람 - 횡단중,안전운전불이행,포장 - 건조,맑음,교차로 - 교차로안,화물,남,75세,상해없음,보행자,여,71세,중상
829,2021100600100095,2021년 10월 6일 08시,수요일,전라북도 전주시 완산구 삼천동1가,중상사고,0,1,0,0,차대사람 - 기타,안전운전불이행,포장 - 건조,맑음,단일로 - 기타,승용,남,24세,상해없음,보행자,여,81세,중상
830,2021100600100503,2021년 10월 6일 19시,수요일,전라북도 군산시 경암동,경상사고,0,0,1,0,차대사람 - 차도통행중,안전운전불이행,포장 - 건조,흐림,단일로 - 기타,승용,여,52세,상해없음,보행자,여,44세,경상
831,2021100700100057,2021년 10월 7일 07시,목요일,전라북도 전주시 완산구 평화동2가,중상사고,0,2,0,0,차대사람 - 횡단중,보행자보호의무위반,포장 - 건조,맑음,교차로 - 교차로횡단보도내,승용,남,39세,상해없음,보행자,여,61세,중상
832,2021100700100195,2021년 10월 7일 11시,목요일,전라북도 익산시 모현동1가,중상사고,0,1,0,0,차대사람 - 횡단중,안전운전불이행,포장 - 건조,맑음,교차로 - 교차로부근,승용,남,65세,상해없음,보행자,여,65세,중상
833,2021100700100500,2021년 10월 7일 19시,목요일,전라북도 정읍시 시기동,중상사고,0,1,0,0,차대사람 - 횡단중,중앙선침범,포장 - 건조,맑음,단일로 - 기타,승용,남,19세,상해없음,보행자,여,56세,중상
834,2021100700100559,2021년 10월 7일 21시,목요일,전라북도 완주군 봉동읍,중상사고,0,1,0,0,차대사람 - 횡단중,안전운전불이행,포장 - 건조,맑음,교차로 - 교차로안,승용,여,54세,상해없음,보행자,남,49세,중상
835,2021100800100309,2021년 10월 8일 14시,금요일,전라북도 익산시 어양동,중상사고,0,1,0,0,차대사람 - 차도통행중,안전운전불이행,포장 - 건조,맑음,단일로 - 기타,승용,남,58세,상해없음,보행자,여,10세,중상
836,2021100800100423,2021년 10월 8일 17시,금요일,전라북도 전주시 완산구 삼천동1가,중상사고,0,1,0,0,차대사람 - 기타,안전운전불이행,포장 - 건조,맑음,단일로 - 기타,승용,여,66세,상해없음,보행자,여,54세,중상
837,2021100900100193,2021년 10월 9일 13시,토요일,전라북도 익산시 오산면,중상사고,0,1,0,0,차대사람 - 기타,안전운전불이행,포장 - 건조,맑음,단일로 - 기타,화물,남,49세,상해없음,보행자,남,81세,중상
838,2021100900100389,2021년 10월 9일 18시,토요일,전라북도 전주시 완산구 경원동3가,경상사고,0,0,1,0,차대사람 - 기타,안전운전불이행,포장 - 건조,맑음,기타 - 기타,자전거,남,14세,상해없음,보행자,여,59세,경상
839,2021101000100403,2021년 10월 10일 19시,일요일,전라북도 익산시 신동,경상사고,0,0,1,0,차대사람 - 기타,안전운전불이행,포장 - 건조,맑음,단일로 - 기타,승용,남,33세,상해없음,보행자,남,21세,경상
840,2021101000100517,2021년 10월 10일 22시,일요일,전라북도 전주시 완산구 서신동,경상사고,0,0,3,0,차대사람 - 길가장자리구역통행중,안전운전불이행,포장 - 젖음/습기,비,교차로 - 교차로횡단보도내,승용,남,40세,상해없음,보행자,남,21세,경상
841,2021101000100518,2021년 10월 10일 22시,일요일,전라북도 전주시 완산구 다가동4가,경상사고,0,0,1,0,차대사람 - 길가장자리구역통행중,안전운전불이행,포장 - 젖음/습기,흐림,단일로 - 기타,승용,남,26세,상해없음,보행자,남,22세,경상
842,2021101100100030,2021년 10월 11일 05시,월요일,전라북도 순창군 순창읍,경상사고,0,0,1,0,차대사람 - 차도통행중,안전운전불이행,포장 - 젖음/습기,비,단일로 - 기타,승용,남,62세,상해없음,보행자,남,75세,경상
843,2021101100100380,2021년 10월 11일 18시,월요일,전라북도 군산시 소룡동,중상사고,0,1,0,0,차대사람 - 차도통행중,안전운전불이행,포장 - 젖음/습기,비,단일로 - 지하차도(도로)내,승용,남,26세,상해없음,보행자,여,56세,중상
844,2021101200100093,2021년 10월 12일 08시,화요일,전라북도 전주시 덕진구 인후동2가,중상사고,0,1,0,0,차대사람 - 횡단중,안전운전불이행,포장 - 젖음/습기,비,교차로 - 교차로안,승용,여,27세,상해없음,보행자,여,50세,중상
845,2021101200100094,2021년 10월 12일 08시,화요일,전라북도 정읍시 송산동,경상사고,0,0,1,0,차대사람 - 횡단중,안전운전불이행,포장 - 젖음/습기,비,교차로 - 교차로안,승용,남,53세,상해없음,보행자,남,60세,경상
846,2021101200100379,2021년 10월 12일 17시,화요일,전라북도 전주시 완산구 효자동1가,경상사고,0,0,1,0,차대사람 - 기타,안전운전불이행,포장 - 건조,맑음,기타 - 기타,승용,여,52세,상해없음,보행자,남,69세,경상
847,2021101200100432,2021년 10월 12일 18시,화요일,전라북도 전주시 덕진구 금암동,중상사고,0,1,0,0,차대사람 - 횡단중,신호위반,포장 - 건조,맑음,교차로 - 교차로안,이륜,남,24세,상해없음,보행자,남,59세,중상
848,2021101200100433,2021년 10월 12일 18시,화요일,전라북도 익산시 어양동,경상사고,0,0,1,0,차대사람 - 횡단중,안전운전불이행,포장 - 젖음/습기,비,교차로 - 교차로안,승용,남,73세,상해없음,보행자,남,30세,경상
849,2021101200100478,2021년 10월 12일 19시,화요일,전라북도 군산시 나운동,경상사고,0,0,1,0,차대사람 - 횡단중,보행자보호의무위반,포장 - 젖음/습기,비,교차로 - 교차로횡단보도내,승용,남,67세,상해없음,보행자,남,52세,경상
850,2021101200100513,2021년 10월 12일 20시,화요일,전라북도 익산시 어양동,경상사고,0,0,1,0,차대사람 - 횡단중,안전운전불이행,포장 - 젖음/습기,비,단일로 - 기타,이륜,남,27세,상해없음,보행자,여,15세,경상
851,2021101200100536,2021년 10월 12일 21시,화요일,전라북도 익산시 어양동,중상사고,0,2,0,0,차대사람 - 횡단중,신호위반,포장 - 젖음/습기,비,교차로 - 교차로안,화물,남,20세,상해없음,보행자,여,47세,중상
852,2021101200100565,2021년 10월 12일 22시,화요일,전라북도 전주시 완산구 서신동,사망사고,1,0,0,0,차대사람 - 횡단중,과속,포장 - 젖음/습기,흐림,단일로 - 기타,승용,남,66세,상해없음,보행자,여,58세,사망
853,2021101300100254,2021년 10월 13일 13시,수요일,전라북도 김제시 용지면,중상사고,0,1,0,0,차대사람 - 차도통행중,불법유턴,포장 - 건조,맑음,단일로 - 기타,화물,남,75세,상해없음,보행자,남,78세,중상
854,2021101300100287,2021년 10월 13일 14시,수요일,전라북도 무주군 무주읍,중상사고,0,1,0,0,차대사람 - 횡단중,안전운전불이행,포장 - 건조,맑음,단일로 - 지하차도(도로)내,화물,남,47세,상해없음,보행자,여,82세,중상
855,2021101300100375,2021년 10월 13일 16시,수요일,전라북도 익산시 동산동,경상사고,0,0,1,0,차대사람 - 차도통행중,안전운전불이행,포장 - 건조,맑음,단일로 - 기타,화물,남,50세,상해없음,보행자,여,90세,경상
856,2021101300100549,2021년 10월 13일 20시,수요일,전라북도 전주시 덕진구 금암동,사망사고,1,0,0,0,차대사람 - 기타,안전운전불이행,포장 - 건조,맑음,단일로 - 기타,승용,여,52세,상해없음,보행자,남,58세,사망
857,2021101400100015,2021년 10월 14일 01시,목요일,전라북도 전주시 덕진구 인후동1가,중상사고,0,1,0,0,차대사람 - 횡단중,안전운전불이행,포장 - 건조,맑음,교차로 - 교차로부근,승용,남,53세,상해없음,보행자,여,17세,중상
858,2021101400100443,2021년 10월 14일 17시,목요일,전라북도 익산시 영등동,경상사고,0,0,1,0,차대사람 - 기타,안전운전불이행,포장 - 건조,맑음,교차로 - 교차로안,승용,남,60세,상해없음,보행자,남,54세,경상
859,2021101500100168,2021년 10월 15일 10시,금요일,전라북도 익산시 평화동,중상사고,0,1,0,0,차대사람 - 횡단중,안전운전불이행,포장 - 건조,흐림,단일로 - 기타,화물,남,30세,상해없음,보행자,여,68세,중상
860,2021101500100170,2021년 10월 15일 10시,금요일,전라북도 김제시 신풍동,경상사고,0,0,1,0,차대사람 - 횡단중,보행자보호의무위반,포장 - 건조,맑음,단일로 - 기타,승용,남,62세,상해없음,보행자,여,48세,경상
861,2021101500100576,2021년 10월 15일 20시,금요일,전라북도 군산시 나운동,중상사고,0,1,0,0,차대사람 - 횡단중,안전운전불이행,포장 - 젖음/습기,맑음,교차로 - 교차로안,승용,여,20세,상해없음,보행자,남,58세,중상
862,2021101600100013,2021년 10월 16일 00시,토요일,전라북도 완주군 봉동읍,경상사고,0,0,1,0,차대사람 - 차도통행중,중앙선침범,포장 - 젖음/습기,비,단일로 - 기타,화물,남,44세,상해없음,보행자,남,51세,경상
863,2021101600100115,2021년 10월 16일 09시,토요일,전라북도 부안군 부안읍,경상사고,0,0,1,0,차대사람 - 횡단중,안전운전불이행,포장 - 건조,흐림,교차로 - 교차로부근,승용,남,69세,상해없음,보행자,여,52세,경상
864,2021101600100337,2021년 10월 16일 16시,토요일,전라북도 군산시 수송동,경상사고,0,0,1,0,차대사람 - 보도통행중,기타,포장 - 건조,맑음,단일로 - 기타,개인형이동수단(PM),여,14세,상해없음,보행자,남,43세,경상
865,2021101600100400,2021년 10월 16일 18시,토요일,전라북도 익산시 어양동,경상사고,0,0,1,0,차대사람 - 횡단중,안전운전불이행,포장 - 건조,맑음,교차로 - 교차로부근,이륜,남,16세,기타불명,보행자,남,30세,경상
866,2021101700100422,2021년 10월 17일 21시,일요일,전라북도 전주시 덕진구 인후동1가,경상사고,0,0,1,0,차대사람 - 보도통행중,안전운전불이행,포장 - 건조,맑음,단일로 - 기타,승용,남,69세,상해없음,보행자,여,22세,경상
867,2021101800100344,2021년 10월 18일 14시,월요일,전라북도 김제시 요촌동,경상사고,0,0,1,0,차대사람 - 길가장자리구역통행중,안전운전불이행,포장 - 건조,맑음,단일로 - 기타,화물,남,72세,상해없음,보행자,남,56세,경상
868,2021101800100383,2021년 10월 18일 15시,월요일,전라북도 남원시 동충동,경상사고,0,0,1,0,차대사람 - 횡단중,안전운전불이행,포장 - 건조,맑음,교차로 - 교차로안,승용,여,22세,상해없음,보행자,남,7세,경상
869,2021101800100413,2021년 10월 18일 16시,월요일,전라북도 전주시 덕진구 중동,경상사고,0,0,2,0,차대사람 - 횡단중,보행자보호의무위반,포장 - 건조,맑음,교차로 - 교차로횡단보도내,승용,여,59세,상해없음,보행자,여,9세,경상
870,2021101800100460,2021년 10월 18일 17시,월요일,전라북도 전주시 덕진구 송천동1가,경상사고,0,0,1,0,차대사람 - 기타,안전운전불이행,포장 - 건조,맑음,단일로 - 기타,자전거,기타불명,미분류,기타불명,보행자,여,10세,경상
871,2021101800100522,2021년 10월 18일 18시,월요일,전라북도 익산시 삼기면,사망사고,1,0,0,0,차대사람 - 차도통행중,안전운전불이행,포장 - 건조,맑음,단일로 - 기타,승용,남,25세,상해없음,보행자,여,84세,사망
872,2021101900100077,2021년 10월 19일 08시,화요일,전라북도 전주시 덕진구 팔복동2가,경상사고,0,0,2,0,차대사람 - 횡단중,안전운전불이행,포장 - 건조,맑음,교차로 - 교차로안,승용,여,27세,상해없음,보행자,남,75세,경상
873,2021101900100186,2021년 10월 19일 12시,화요일,전라북도 남원시 금지면,중상사고,0,1,0,0,차대사람 - 차도통행중,안전운전불이행,포장 - 건조,맑음,교차로 - 교차로안,승용,남,80세,상해없음,보행자,남,84세,중상
874,2021101900100187,2021년 10월 19일 12시,화요일,전라북도 고창군 고창읍,경상사고,0,0,1,0,차대사람 - 기타,안전운전불이행,포장 - 건조,맑음,주차장 - 주차장,승용,여,59세,상해없음,보행자,여,51세,경상
875,2021101900100222,2021년 10월 19일 13시,화요일,전라북도 군산시 소룡동,부상신고사고,0,0,0,1,차대사람 - 길가장자리구역통행중,안전운전불이행,포장 - 건조,맑음,단일로 - 지하차도(도로)내,승용,남,61세,상해없음,보행자,남,51세,부상신고
876,2021101900100328,2021년 10월 19일 16시,화요일,전라북도 익산시 모현동1가,경상사고,0,0,1,0,차대사람 - 횡단중,안전운전불이행,포장 - 건조,맑음,단일로 - 기타,승합,남,66세,상해없음,보행자,남,9세,경상
877,2021101900100329,2021년 10월 19일 16시,화요일,전라북도 남원시 천거동,중상사고,0,1,0,0,차대사람 - 보도통행중,보행자보호의무위반,포장 - 건조,맑음,교차로 - 교차로횡단보도내,승용,남,68세,상해없음,보행자,남,8세,중상
878,2021101900100414,2021년 10월 19일 18시,화요일,전라북도 익산시 모현동1가,경상사고,0,0,1,0,차대사람 - 보도통행중,보행자보호의무위반,포장 - 건조,맑음,교차로 - 교차로횡단보도내,승용,여,52세,상해없음,보행자,남,8세,경상
879,2021102000100143,2021년 10월 20일 10시,수요일,전라북도 전주시 덕진구 인후동2가,부상신고사고,0,0,0,1,차대사람 - 기타,안전운전불이행,포장 - 건조,맑음,단일로 - 기타,승합,남,45세,상해없음,보행자,남,43세,부상신고
880,2021102000100144,2021년 10월 20일 10시,수요일,전라북도 군산시 신영동,경상사고,0,0,1,0,차대사람 - 길가장자리구역통행중,신호위반,포장 - 건조,맑음,단일로 - 기타,자전거,여,68세,기타불명,보행자,여,67세,경상
881,2021102000100174,2021년 10월 20일 11시,수요일,전라북도 순창군 순창읍,경상사고,0,0,1,0,차대사람 - 기타,안전운전불이행,포장 - 건조,맑음,단일로 - 기타,승용,여,37세,상해없음,보행자,남,83세,경상
882,2021102000100253,2021년 10월 20일 13시,수요일,전라북도 전주시 완산구 효자동3가,경상사고,0,0,1,0,차대사람 - 횡단중,보행자보호의무위반,포장 - 건조,맑음,교차로 - 교차로횡단보도내,승용,여,53세,상해없음,보행자,여,81세,경상
883,2021102100100506,2021년 10월 21일 19시,목요일,전라북도 익산시 부송동,경상사고,0,0,1,0,차대사람 - 횡단중,보행자보호의무위반,포장 - 건조,맑음,교차로 - 교차로횡단보도내,기타불명,기타불명,미분류,기타불명,보행자,남,12세,경상
884,2021102200100041,2021년 10월 22일 06시,금요일,전라북도 전주시 완산구 전동3가,중상사고,0,1,0,0,차대사람 - 기타,안전운전불이행,포장 - 건조,맑음,단일로 - 기타,승합,남,52세,상해없음,보행자,여,71세,상해없음
885,2021102200100101,2021년 10월 22일 08시,금요일,전라북도 부안군 계화면,중상사고,0,1,0,0,차대사람 - 차도통행중,안전운전불이행,포장 - 건조,맑음,단일로 - 지하차도(도로)내,화물,남,58세,상해없음,보행자,여,61세,중상
886,2021102200100256,2021년 10월 22일 12시,금요일,전라북도 익산시 창인동1가,경상사고,0,0,1,0,차대사람 - 길가장자리구역통행중,안전운전불이행,포장 - 건조,맑음,교차로 - 교차로부근,화물,남,63세,상해없음,보행자,남,71세,경상
887,2021102200100332,2021년 10월 22일 14시,금요일,전라북도 완주군 삼례읍,경상사고,0,0,1,0,차대사람 - 기타,보행자보호의무위반,포장 - 건조,맑음,교차로 - 교차로부근,승용,남,46세,상해없음,보행자,남,8세,경상
888,2021102200100372,2021년 10월 22일 15시,금요일,전라북도 전주시 완산구 효자동1가,중상사고,0,1,0,0,차대사람 - 횡단중,보행자보호의무위반,포장 - 건조,맑음,기타 - 기타,화물,남,29세,상해없음,보행자,남,6세,중상
889,2021102200100546,2021년 10월 22일 18시,금요일,전라북도 군산시 대명동,사망사고,1,0,0,0,차대사람 - 횡단중,안전운전불이행,포장 - 건조,맑음,단일로 - 기타,승합,남,60세,상해없음,보행자,여,83세,사망
890,2021102200100641,2021년 10월 22일 20시,금요일,전라북도 전주시 완산구 삼천동1가,중상사고,0,1,0,0,차대사람 - 횡단중,보행자보호의무위반,포장 - 건조,맑음,교차로 - 교차로안,승용,여,49세,상해없음,보행자,여,60세,중상
891,2021102200100642,2021년 10월 22일 20시,금요일,전라북도 완주군 봉동읍,경상사고,0,0,1,0,차대사람 - 횡단중,안전운전불이행,포장 - 건조,맑음,교차로 - 교차로안,승용,남,35세,상해없음,보행자,여,12세,경상
892,2021102300100068,2021년 10월 23일 08시,토요일,전라북도 군산시 대명동,부상신고사고,0,0,0,1,차대사람 - 기타,안전운전불이행,포장 - 건조,맑음,주차장 - 주차장,화물,남,77세,상해없음,보행자,여,58세,부상신고
893,2021102300100123,2021년 10월 23일 10시,토요일,전라북도 장수군 장수읍,중상사고,0,1,0,0,차대사람 - 횡단중,보행자보호의무위반,포장 - 건조,맑음,교차로 - 교차로안,화물,남,53세,상해없음,보행자,여,16세,중상
894,2021102300100469,2021년 10월 23일 18시,토요일,전라북도 익산시 영등동,경상사고,0,0,2,0,차대사람 - 기타,안전운전불이행,포장 - 건조,맑음,단일로 - 기타,화물,남,65세,상해없음,보행자,남,16세,경상
895,2021102400100166,2021년 10월 24일 12시,일요일,전라북도 임실군 임실읍,사망사고,1,0,0,0,차대사람 - 차도통행중,안전운전불이행,포장 - 건조,맑음,교차로 - 교차로부근,농기계,남,77세,상해없음,보행자,여,83세,사망
896,2021102400100201,2021년 10월 24일 13시,일요일,전라북도 김제시 신풍동,경상사고,0,0,1,0,차대사람 - 횡단중,보행자보호의무위반,포장 - 건조,맑음,단일로 - 기타,승용,남,31세,상해없음,보행자,여,79세,경상
897,2021102400100331,2021년 10월 24일 17시,일요일,전라북도 정읍시 내장동,경상사고,0,0,1,0,차대사람 - 차도통행중,안전운전불이행,포장 - 건조,맑음,단일로 - 기타,자전거,남,53세,상해없음,보행자,남,63세,경상
898,2021102500100123,2021년 10월 25일 09시,월요일,전라북도 전주시 완산구 효자동3가,중상사고,0,1,0,0,차대사람 - 횡단중,신호위반,포장 - 건조,맑음,교차로 - 교차로횡단보도내,승용,여,64세,상해없음,보행자,여,24세,중상
899,2021102500100169,2021년 10월 25일 10시,월요일,전라북도 남원시 죽항동,경상사고,0,0,1,0,차대사람 - 길가장자리구역통행중,안전운전불이행,포장 - 기타,맑음,단일로 - 기타,승용,남,69세,상해없음,보행자,남,49세,경상
900,2021102500100266,2021년 10월 25일 13시,월요일,전라북도 남원시 향교동,경상사고,0,0,1,0,차대사람 - 보도통행중,안전운전불이행,포장 - 기타,맑음,기타 - 기타,승용,남,58세,상해없음,보행자,여,85세,경상
901,2021102600100012,2021년 10월 26일 01시,화요일,전라북도 전주시 덕진구 덕진동1가,중상사고,0,1,0,0,차대사람 - 횡단중,안전운전불이행,포장 - 건조,맑음,단일로 - 기타,이륜,남,20세,상해없음,보행자,여,74세,중상
902,2021102600100150,2021년 10월 26일 10시,화요일,전라북도 익산시 영등동,중상사고,0,1,0,0,차대사람 - 길가장자리구역통행중,안전운전불이행,포장 - 건조,맑음,단일로 - 기타,화물,남,58세,상해없음,보행자,남,62세,중상
903,2021102600100292,2021년 10월 26일 14시,화요일,전라북도 군산시 미장동,중상사고,0,1,0,0,차대사람 - 길가장자리구역통행중,중앙선침범,포장 - 건조,맑음,단일로 - 기타,승합,여,45세,상해없음,보행자,여,6세,중상
904,2021102600100509,2021년 10월 26일 19시,화요일,전라북도 익산시 모현동1가,경상사고,0,0,1,0,차대사람 - 횡단중,보행자보호의무위반,포장 - 건조,맑음,교차로 - 교차로횡단보도내,승용,남,45세,상해없음,보행자,남,50세,경상
905,2021102700100179,2021년 10월 27일 11시,수요일,전라북도 익산시 영등동,경상사고,0,0,1,0,차대사람 - 기타,보행자보호의무위반,포장 - 건조,맑음,교차로 - 교차로횡단보도내,승용,여,53세,상해없음,보행자,남,76세,경상
906,2021102700100197,2021년 10월 27일 12시,수요일,전라북도 익산시 인화동1가,중상사고,0,1,0,0,차대사람 - 횡단중,중앙선침범,포장 - 건조,맑음,단일로 - 기타,승용,남,68세,상해없음,보행자,남,80세,중상
907,2021102700100295,2021년 10월 27일 15시,수요일,전라북도 익산시 영등동,경상사고,0,0,1,0,차대사람 - 기타,안전운전불이행,포장 - 건조,맑음,기타 - 기타,승용,남,57세,상해없음,보행자,남,11세,경상
908,2021102800100083,2021년 10월 28일 07시,목요일,전라북도 익산시 함라면,경상사고,0,0,1,0,차대사람 - 길가장자리구역통행중,안전운전불이행,포장 - 건조,맑음,단일로 - 기타,승용,여,24세,상해없음,보행자,남,61세,경상
909,2021102800100199,2021년 10월 28일 10시,목요일,전라북도 전주시 덕진구 금암동,경상사고,0,0,1,0,차대사람 - 차도통행중,안전운전불이행,포장 - 건조,맑음,단일로 - 기타,승용,남,60세,상해없음,보행자,남,64세,경상
910,2021102800100293,2021년 10월 28일 13시,목요일,전라북도 군산시 구암동,중상사고,0,1,0,0,차대사람 - 기타,안전운전불이행,포장 - 건조,맑음,단일로 - 기타,특수,남,66세,상해없음,보행자,남,81세,중상
911,2021102800100338,2021년 10월 28일 14시,목요일,전라북도 고창군 고창읍,경상사고,0,0,1,0,차대사람 - 기타,안전운전불이행,포장 - 건조,맑음,단일로 - 기타,화물,남,63세,상해없음,보행자,남,50세,경상
912,2021102800100453,2021년 10월 28일 17시,목요일,전라북도 전주시 덕진구 송천동2가,경상사고,0,0,1,0,차대사람 - 기타,안전운전불이행,포장 - 건조,흐림,주차장 - 주차장,화물,남,71세,상해없음,보행자,여,44세,경상
913,2021102800100454,2021년 10월 28일 17시,목요일,전라북도 전주시 덕진구 인후동1가,경상사고,0,0,1,0,차대사람 - 횡단중,보행자보호의무위반,포장 - 건조,맑음,단일로 - 기타,승용,남,52세,상해없음,보행자,여,22세,경상
914,2021102800100455,2021년 10월 28일 17시,목요일,전라북도 군산시 삼학동,중상사고,0,1,0,0,차대사람 - 횡단중,안전운전불이행,포장 - 건조,맑음,교차로 - 교차로안,승용,남,56세,상해없음,보행자,남,59세,중상
915,2021102800100664,2021년 10월 28일 22시,목요일,전라북도 익산시 용안면,사망사고,1,0,0,0,차대사람 - 기타,안전운전불이행,포장 - 건조,맑음,교차로 - 교차로안,화물,남,41세,상해없음,보행자,여,66세,사망
916,2021102900100020,2021년 10월 29일 05시,금요일,전라북도 군산시 개정면,경상사고,0,0,1,0,차대사람 - 횡단중,기타,포장 - 건조,기타,교차로 - 교차로안,기타불명,기타불명,미분류,기타불명,보행자,남,71세,경상
917,2021102900100021,2021년 10월 29일 05시,금요일,전라북도 군산시 수송동,경상사고,0,0,1,0,차대사람 - 횡단중,보행자보호의무위반,포장 - 건조,맑음,교차로 - 교차로횡단보도내,승용,남,43세,상해없음,보행자,남,73세,경상
918,2021102900100225,2021년 10월 29일 12시,금요일,전라북도 군산시 중동,경상사고,0,0,1,0,차대사람 - 기타,안전운전불이행,포장 - 건조,맑음,교차로 - 교차로안,승용,남,61세,상해없음,보행자,남,39세,경상
919,2021102900100500,2021년 10월 29일 18시,금요일,전라북도 익산시 모현동1가,중상사고,0,1,0,0,차대사람 - 횡단중,안전운전불이행,포장 - 건조,맑음,교차로 - 교차로안,화물,남,36세,상해없음,보행자,여,52세,중상
920,2021103100100214,2021년 10월 31일 14시,일요일,전라북도 전주시 덕진구 인후동1가,중상사고,0,1,0,0,차대사람 - 횡단중,보행자보호의무위반,포장 - 건조,맑음,교차로 - 교차로횡단보도내,승용,여,32세,상해없음,보행자,여,71세,중상
921,2021103100100244,2021년 10월 31일 15시,일요일,전라북도 전주시 완산구 색장동,중상사고,0,1,0,0,차대사람 - 횡단중,보행자보호의무위반,포장 - 건조,맑음,교차로 - 교차로횡단보도내,승용,남,73세,상해없음,보행자,남,69세,중상
922,2021110100100202,2021년 11월 1일 11시,월요일,전라북도 순창군 동계면,중상사고,0,1,0,0,차대사람 - 기타,안전운전불이행,포장 - 건조,맑음,기타 - 기타,화물,남,60세,상해없음,보행자,여,85세,중상
923,2021110100100386,2021년 11월 1일 16시,월요일,전라북도 장수군 계남면,중상사고,0,1,0,0,차대사람 - 차도통행중,안전운전불이행,포장 - 건조,맑음,교차로 - 교차로안,화물,남,49세,상해없음,보행자,여,75세,중상
924,2021110100100521,2021년 11월 1일 19시,월요일,전라북도 전주시 덕진구 반월동,중상사고,0,1,0,0,차대사람 - 횡단중,보행자보호의무위반,포장 - 건조,맑음,단일로 - 기타,승용,여,56세,상해없음,보행자,남,8세,중상
925,2021110100100546,2021년 11월 1일 20시,월요일,전라북도 전주시 완산구 서노송동,경상사고,0,0,1,0,차대사람 - 횡단중,보행자보호의무위반,포장 - 건조,맑음,교차로 - 교차로횡단보도내,승용,여,61세,상해없음,보행자,남,59세,경상
926,2021110200100061,2021년 11월 2일 06시,화요일,전라북도 익산시 남중동,경상사고,0,0,1,0,차대사람 - 기타,과속,포장 - 건조,맑음,단일로 - 기타,승용,남,24세,상해없음,보행자,남,61세,경상
927,2021110200100176,2021년 11월 2일 10시,화요일,전라북도 군산시 나운동,부상신고사고,0,0,0,1,차대사람 - 횡단중,신호위반,포장 - 건조,맑음,교차로 - 교차로안,승용,여,59세,상해없음,보행자,여,49세,부상신고
928,2021110200100309,2021년 11월 2일 14시,화요일,전라북도 고창군 공음면,사망사고,1,0,0,0,차대사람 - 보도통행중,안전운전불이행,포장 - 건조,흐림,기타 - 기타,화물,남,55세,상해없음,보행자,남,73세,사망
929,2021110200100409,2021년 11월 2일 17시,화요일,전라북도 군산시 조촌동,중상사고,0,1,0,0,차대사람 - 길가장자리구역통행중,안전운전불이행,포장 - 건조,맑음,교차로 - 교차로안,승용,여,55세,상해없음,보행자,여,47세,중상
930,2021110200100461,2021년 11월 2일 18시,화요일,전라북도 완주군 이서면,경상사고,0,0,1,0,차대사람 - 횡단중,안전운전불이행,포장 - 건조,맑음,단일로 - 기타,승용,남,71세,상해없음,보행자,여,74세,경상